ID,salary_average
1,67697.86898348393
2,70075.26083516855
3,74763.16699953606
4,56777.85117688549
5,47763.977997795
6,59434.096840044585
7,50160.813618260974
8,52090.137816654926
9,63456.990510379605
10,32711.316608794456
11,34557.06634696582
12,33290.28046264855
13,26904.36843659463
14,23412.238619779317
15,26899.790810097355
16,23256.062986159268
17,28024.5824263206
18,34625.35181826624
19,36027.12946493246
20,38657.16090115186
21,37003.42433246572
22,29208.614747371605
23,25768.83948158481
24,28665.489826388177
25,24296.98481765762
26,29578.838365971988
27,37720.60531249556
28,36512.40784517587
29,39266.42222431705
30,38894.67659918992
31,30211.492853436546
32,26351.981368599427
33,31142.09862864102
34,26073.626853002166
35,30664.073888768373
36,37628.312334174574
37,64538.60105604798
38,67010.28954289672
39,71892.85956759939
40,52706.062475689316
41,45091.78206641171
42,55162.770633791864
43,47351.52638314969
44,49518.12089990142
45,60267.39039450599
46,49198.35475546373
47,52738.0572690823
48,53433.53823090308
49,39828.13438617291
50,34250.60169399423
51,42983.7442714719
52,36120.18835980685
53,37085.18370047686
54,45877.57139505893
55,65327.55340777052
56,69527.39110402335
57,73094.94382261077
58,53242.491261418116
59,44879.858155672846
60,55586.77136078812
61,46852.31007080818
62,50427.73437545171
63,61074.91026787609
64,57404.71650823193
65,60931.62611013324
66,64313.651237836246
67,47834.18709667046
68,42066.552001355245
69,49911.50207331687
70,42530.1047486885
71,44262.06642857776
72,53825.59541603208
73,18393.203000076137
74,20444.28789802674
75,19327.983848366617
76,14694.45884895265
77,12485.326801546424
78,13667.81129874468
79,11618.639605510341
80,16966.055118174878
81,20566.48674297141
82,70487.28892936166
83,74028.72464153309
84,79525.64788780821
85,56294.31924091944
86,49593.87845641622
87,64464.69427300598
88,54175.602195915206
89,54540.44315126536
90,64558.49599486339
91,45618.28844005191
92,49144.25340861999
93,49535.52953921523
94,36536.630555107935
95,32056.34564382322
96,36940.97960300117
97,32087.25842360364
98,37446.05103603791
99,44744.82902679311
100,32720.294755762297
101,34512.88413959301
102,33217.77541314296
103,26617.434728371813
104,23209.837112641195
105,26627.892298250426
106,22987.156983523542
107,27809.366971897263
108,34430.434856037355
109,24604.066804684662
110,26714.79761025833
111,25719.377433527046
112,20404.07553379772
113,17626.694667844124
114,18785.948467091075
115,16004.717227638359
116,22802.257995934586
117,29516.272463208446
118,32149.80791656182
119,34412.12550630013
120,33456.028753479695
121,26748.79796911127
122,23086.38951729956
123,26258.718199211005
124,22534.8312573713
125,26447.55173413948
126,34196.579803478526
127,53962.40451578713
128,57959.21506739125
129,60862.22491857815
130,45446.05284928584
131,39339.44271182253
132,48099.70327906607
133,40236.20092719025
134,42601.26729477107
135,51148.46425238311
136,68269.34286442323
137,71585.45469047883
138,77325.87192061084
139,57771.63259044567
140,49697.86117210912
141,60460.51000811296
142,51671.85502905445
143,52680.71621068757
144,63236.27272144036
145,22296.973351149423
146,25241.527489752447
147,23651.079209547406
148,18393.711827929295
149,15679.10938155865
150,16395.30167505502
151,14172.723902141908
152,23949.60169208441
153,30700.340031688524
154,40538.47337914094
155,43248.282296175865
156,43376.8822458799
157,33789.8764633871
158,29712.64758567811
159,32148.567204303934
160,28322.187252778825
161,33651.69000652179
162,42049.41297938516
163,41145.22142539497
164,43269.908645998694
165,43474.9097947506
166,33522.82308173822
167,29497.75818042513
168,34945.6852981743
169,29048.73706245772
170,32787.95777170753
171,39426.80636821749
172,28363.021854077382
173,31007.528022650757
174,28895.71565591822
175,24445.744141600233
176,20924.12975086786
177,23619.03467468919
178,19887.482832527443
179,26813.63165904521
180,33352.829727617165
181,24513.15600859796
182,26637.09246150083
183,24728.548959083833
184,20054.29459199674
185,17452.56901706843
186,18960.788620469455
187,16233.149110159971
188,23002.070653578023
189,30675.061535808047
190,27940.970056387232
191,30754.466128147542
192,29008.217340553467
193,22520.600655813185
194,19670.209994143577
195,21193.526032348414
196,18113.640211370384
197,25831.967974738014
198,31998.866703817992
199,74891.81254064635
200,79700.948456604
201,86572.46802504521
202,61254.64390456359
203,52072.80277936331
204,68666.66167529745
205,58128.38306350374
206,58283.48182992097
207,67374.23169037227
208,44012.68082290991
209,45868.041598957054
210,45251.334343501796
211,37067.17597619463
212,31822.65491901864
213,37344.41710313829
214,32192.869390874886
215,36780.21254641552
216,44943.036559599524
217,42128.92465352908
218,44946.75340253885
219,44637.01637298125
220,33406.58727324586
221,29267.61551719949
222,33539.4584608426
223,29036.56767817662
224,33417.95988440558
225,41816.86844306372
226,33367.5258526128
227,35408.22185737807
228,34051.26623593169
229,26897.55734260499
230,23464.39899605168
231,26937.84680909788
232,23383.029120833147
233,27814.70241004664
234,34829.1408650812
235,33386.35872917845
236,35239.85917768874
237,34049.65231989036
238,27445.60999542362
239,23878.646108944235
240,27577.850929999993
241,23800.892378829052
242,28408.795550717812
243,35189.987273464394
244,21753.21572175569
245,24126.253317352403
246,22638.56507275322
247,17987.357021505133
248,15482.909429920133
249,16285.889102909188
250,14042.920848027745
251,19636.555037297872
252,26136.378657419224
253,71700.40819823301
254,75327.25723851667
255,79778.35207091043
256,59171.62320866307
257,50282.07659800691
258,62475.129320435015
259,52598.70973941546
260,54977.42732635481
261,65951.8051021583
262,56837.93998392556
263,59676.02381214233
264,63059.4277178357
265,46433.52387959235
266,40031.892466018
267,50904.50223166377
268,42054.2502503741
269,44266.72502446645
270,53411.56855004094
271,32880.99028228613
272,34900.31209867922
273,34054.7487034509
274,27041.19461976198
275,23379.671547997183
276,26730.56232063544
277,23123.179696094758
278,27093.215068564412
279,34396.61945373393
280,49362.153708661644
281,53050.536754552646
282,54469.082606327596
283,40026.376996296814
284,35266.40279096374
285,42295.30560261835
286,36872.696881318254
287,40696.37072661225
288,48310.76841047068
289,21295.786681398247
290,23346.891937697503
291,21346.128946437315
292,17063.023931236457
293,14786.817871169975
294,15481.50874493627
295,12616.292403407944
296,21948.512859904386
297,27778.882907061987
298,24962.02066902976
299,27009.45049651877
300,25657.805913114236
301,19436.48735542533
302,17249.885003573952
303,18242.958022372175
304,15842.356349320358
305,21637.970155108032
306,27515.02696782801
307,35229.29581954056
308,38372.0036996376
309,35624.54875778183
310,29725.964570160784
311,25197.789672639625
312,29345.004877232976
313,25331.541585184255
314,30399.049615927623
315,36658.161706572275
316,23809.180212480216
317,25512.4923979748
318,24429.560121722192
319,18985.82577176139
320,16478.95004682876
321,17529.081407978727
322,14931.465051555175
323,23013.794482181565
324,30071.880230618855
325,80737.38867305563
326,84801.58112596399
327,94467.45456688126
328,66680.72122128618
329,54898.41383528244
330,71218.88564328015
331,59268.04454960758
332,60568.67666880414
333,71208.78909232869
334,57548.99991786978
335,60489.89970798418
336,65712.02165113308
337,44590.25950175253
338,39212.728805363346
339,47708.16865840118
340,40334.01830044995
341,41979.25910856658
342,51263.125503058975
343,61467.88222629488
344,65440.51071241312
345,69379.75721902301
346,49959.40728001247
347,43088.14976470642
348,56044.87923860805
349,46539.664929949184
350,48075.41444183804
351,57286.57711448284
352,40309.80175632123
353,42914.27751215906
354,43322.10658944764
355,32109.239920995897
356,28200.902282701707
357,33008.170873749754
358,28066.019557103926
359,32240.086748299538
360,39898.18811222997
361,66707.55512338343
362,70247.66392086944
363,75209.225396899
364,54092.69082869739
365,47149.961104543785
366,58958.83892506118
367,49483.71016142175
368,51285.393797376404
369,62869.71910617664
370,34383.63638985665
371,36497.14605626608
372,34748.65340296923
373,28461.911590650932
374,24274.90466451433
375,27924.56533656358
376,24302.790346030655
377,29445.811445815372
378,34038.27468371115
379,50907.90512428196
380,54144.12817814245
381,53193.14458750106
382,40680.67648589976
383,36240.28793048742
384,43219.21094610192
385,37190.23042041547
386,42290.16095496439
387,49825.90385413599
388,35308.79742605399
389,37821.97536227304
390,37343.65119960519
391,29516.37885200642
392,25540.829966544192
393,30489.15671036805
394,25723.698897221053
395,29345.605013482407
396,37640.755355745896
397,60444.63703421434
398,63158.5316404637
399,68030.61543275983
400,50920.820804645686
401,42869.17358782674
402,54213.26752148887
403,47010.28160138379
404,47684.59377494392
405,57964.986128379154
406,66465.1311871674
407,71329.81860614652
408,76020.61836188445
409,54239.2129618509
410,46609.57289548528
411,57556.176686960345
412,48530.08480911222
413,51817.59810569779
414,64087.23346787176
415,33589.629578224994
416,35584.65467748142
417,34825.77235724959
418,27201.787046907564
419,23552.17615834576
420,26995.281758107765
421,23333.063493301746
422,27236.334670026637
423,34827.828366874826
424,50607.16373522237
425,54000.15085121731
426,54435.519109639245
427,41045.13360859648
428,34224.54357132813
429,41996.731550682576
430,35767.29281809751
431,40179.780489463
432,47240.05884605529
433,33558.09973377349
434,35567.36560388119
435,34810.211502546284
436,27572.600512372363
437,23832.890555671853
438,27375.69801699712
439,23645.74989806066
440,27478.56256830704
441,34964.65432785938
442,67092.83748906973
443,71210.80282649313
444,77069.91850667715
445,54548.25169592537
446,47877.17107859476
447,60575.14577048213
448,52640.21650071311
449,53050.31757201784
450,62395.50336378271
451,38122.86537121031
452,41809.69448166689
453,38977.17743949134
454,32102.794947168073
455,27330.705690546478
456,32028.66083522242
457,27054.274822120635
458,32101.96435583892
459,39497.69059898243
460,16496.84181496672
461,18131.864257197733
462,17183.785250310866
463,14035.516698230833
464,12073.804794218333
465,12778.798969838146
466,10083.585911668482
467,15178.776551589051
468,21505.273957881345
469,32689.09019605564
470,34524.192261174234
471,34009.53709471346
472,27771.814225123882
473,24094.909592819404
474,26217.45056814103
475,22356.805929397335
476,27294.13048342299
477,34796.02621833344
478,34225.071285039296
479,36872.56907248276
480,36233.58333167644
481,28217.49364977096
482,24844.862587898835
483,29062.281713161366
484,24597.28714566635
485,28950.950672985826
486,37213.02076961962
487,39284.51754560231
488,41633.702040623924
489,41552.14612762599
490,31639.023833220177
491,27752.094130153397
492,32821.47664723681
493,27820.896546879656
494,31841.849254197918
495,39471.82210066684
496,50810.55354175915
497,53394.64191657312
498,55419.6894233883
499,41641.60397872164
500,35787.67091003282
501,42278.19501878465
502,36344.252083775085
503,38854.95033167654
504,48446.59293068416
505,49890.1414850943
506,53395.29388773052
507,55334.11429766702
508,38501.12985289657
509,33521.085603458894
510,40621.199153474656
511,34442.982074834246
512,38107.59062589578
513,46245.63065558224
514,45301.62544332344
515,47683.309664947235
516,47610.14223151102
517,35974.3922251191
518,30908.624893956116
519,35235.59879278737
520,30446.1245868365
521,35119.219650207895
522,44311.71093206697
523,49720.8075102831
524,52726.89084936119
525,55060.275039510765
526,40756.990619175034
527,35130.77798196066
528,41825.343236798944
529,35950.657535943516
530,40533.24603536397
531,49700.268381021575
532,65768.23195577027
533,69470.08023685578
534,75424.43883881405
535,54317.18729035866
536,47586.54660846559
537,59711.68123887303
538,50793.46419384777
539,52466.097179849734
540,62861.82246918281
541,44296.442055733874
542,47329.214434543755
543,46862.88173035898
544,35881.28531057444
545,30618.54507213109
546,35483.505038183604
547,30829.669627814143
548,35156.43051410164
549,43059.96969298841
550,53540.46045949664
551,57112.44443146937
552,58457.380233058975
553,42322.69853492373
554,36970.92249295795
555,44237.159799646164
556,37376.78401306259
557,40679.94014290569
558,51562.36327039498
559,44495.1633948756
560,47860.901246312984
561,46940.756563868184
562,38238.78049968374
563,32055.01620025583
564,39794.226340051944
565,33793.7886390894
566,35868.19828737713
567,44913.13145697297
568,58811.40406460446
569,60577.43374274157
570,62986.683193334415
571,48420.08941338649
572,40440.93477842294
573,50004.04251777395
574,42015.917013177204
575,44527.97801243772
576,54318.9804543484
577,44625.65876837048
578,47800.05686903465
579,49186.49413863679
580,37935.68803985932
581,31782.946183160493
582,40635.72407315777
583,33471.96949600595
584,36589.237775384805
585,44508.27074707576
586,73103.80432993086
587,78391.23041908705
588,82800.74449973436
589,59542.764562911296
590,50918.08364190317
591,64237.15012653041
592,55487.315693125616
593,56785.76254940985
594,65983.55053371988
595,52566.52578848916
596,55036.9852094949
597,58616.14652743346
598,43231.92192432911
599,37061.11890505265
600,44076.811025863455
601,37791.333258150284
602,41252.70661022304
603,50848.34870047446
604,66369.50781852759
605,69596.72091557313
606,76576.86737906128
607,51987.20830662546
608,43757.24829003799
609,55810.31640817921
610,47743.12678298691
611,50305.83546867651
612,58994.33283817616
613,25122.102191441012
614,27614.717278713393
615,26395.952760410662
616,20309.60363978658
617,17320.55707570176
618,18559.6410756723
619,16099.20547215257
620,22536.81152179764
621,29743.377831378835
622,52703.59940474278
623,54541.481208181845
624,57827.678495521846
625,43431.55717565625
626,37119.62272531854
627,44311.62765875699
628,38267.901483691734
629,41404.495893216175
630,50937.80576630132
631,48535.90969796559
632,51356.09400119646
633,51410.94015296796
634,39619.48561303696
635,34784.154927956806
636,43000.525179901
637,35343.24559740741
638,38489.90921261883
639,47636.57527810684
640,25788.349500032273
641,28018.736124868305
642,26037.030916938627
643,21083.042036677572
644,18511.70490448433
645,19364.895147204013
646,16664.457873109794
647,22854.127231620885
648,29146.27880274461
649,45950.11255099388
650,49040.26316573824
651,51103.536187626596
652,39459.083327784574
653,32751.147285453404
654,42435.94431259644
655,35701.87613895063
656,38514.1397706789
657,47064.307202796685
658,22530.8176001566
659,24795.668955618734
660,23480.915577274583
661,17859.292564633928
662,15448.032698964078
663,16794.016062344384
664,14386.814379119902
665,19880.231954046776
666,26099.016612340394
667,66109.77555175647
668,68727.21828349528
669,72772.94438314954
670,53845.76800145664
671,47270.900635343016
672,56816.33118303961
673,48848.224609416546
674,50250.70038610758
675,60719.80245150751
676,34206.64913817599
677,36680.62167947416
678,36304.51232761974
679,28507.57392100736
680,25384.147930419957
681,29860.334701930504
682,25261.569282147084
683,29236.317479409376
684,37093.25146508762
685,66174.95008708304
686,69892.17120532776
687,72997.66276773984
688,54791.6894905397
689,46141.226348067146
690,60109.658536879535
691,51041.15340052486
692,52444.74764492193
693,62006.27412858588
694,56702.49084997937
695,60342.95814281342
696,62660.26094883088
697,45484.599723841966
698,39634.68517440635
699,49921.38110212118
700,41947.851831374064
701,44057.48834349321
702,52217.845754677655
703,32151.87524766518
704,34414.43115155169
705,33468.4683989576
706,26763.703371642525
707,23086.478134856894
708,26258.718199211005
709,22538.9429708082
710,26447.55173413948
711,34196.579803478526
712,15501.407505381077
713,16968.17216040162
714,16157.820598402794
715,12743.466573565913
716,11144.725803643498
717,11960.538876613562
718,10077.381755016904
719,14453.459821519069
720,18713.746122482185
721,33556.03240267012
722,35567.36560388119
723,34807.938515159476
724,27569.22068816393
725,23845.813184490107
726,27386.924908254197
727,23643.48114736982
728,27477.428192961623
729,34961.2549089321
730,33634.68860513418
731,35619.41765054348
732,34818.280996133246
733,27696.10904519207
734,23938.111576513864
735,27531.680371935585
736,23778.388690047665
737,27694.18714696962
738,34772.397010520726
739,42848.15133356873
740,45231.945539909306
741,46134.17855388639
742,33943.05854995732
743,29519.279544609177
744,33385.80777010115
745,29280.812060695505
746,34081.68488940303
747,43198.9426310858
748,33386.35872917845
749,35239.85917768874
750,34049.65231989036
751,27445.60999542362
752,23878.557491386902
753,27567.002163858055
754,23792.07634410674
755,28408.795550717812
756,35189.987273464394
757,46522.43427159956
758,49350.037437348255
759,49078.59265016392
760,37673.46188724358
761,32697.344836237222
762,38972.582814268724
763,33802.72245829807
764,36826.92303793256
765,44702.16873926383
766,22414.49575629991
767,24810.816945432514
768,23209.588596343998
769,18028.41253756822
770,15649.634267365134
771,16773.803136372644
772,14237.49233097056
773,19730.55983536397
774,24240.54699788963
775,70471.51046200331
776,74669.97204507087
777,83340.88214884666
778,58840.709336433094
779,51337.64368483327
780,63219.87181896177
781,54351.64517636039
782,54704.718351826436
783,64088.517973724396
784,43312.52132716905
785,46405.81072701039
786,46690.861005284416
787,35905.960006234345
788,31892.66918118617
789,37729.26756058042
790,32340.705107224512
791,36238.10641434148
792,42758.97050190198
793,25171.914746051618
794,28035.58886729823
795,26214.91404592732
796,19824.366713997166
797,17146.51199759896
798,18078.963262973775
799,15407.539007659188
800,23943.563220264496
801,30664.170593291357
802,54190.65154990971
803,57268.42351787167
804,58547.32822894517
805,42960.42979464299
806,36025.733913078264
807,43268.10125203507
808,37512.616990071656
809,41694.84797662099
810,50889.19677956597
811,47069.55465971062
812,50095.43558886674
813,50394.47948298407
814,36954.73558837206
815,31956.91077306093
816,38235.46886772652
817,32470.150069778338
818,36336.11401960314
819,43403.566721229385
820,33583.40568798117
821,35628.302956893174
822,34327.81001548805
823,27180.714951780872
824,23672.050171645562
825,27244.954019241297
826,23712.71973778969
827,27933.77314038764
828,35098.06737505599
829,61079.4775432373
830,65161.217915666435
831,69364.86578753419
832,49595.784446002275
833,42973.916569749126
834,53244.45982971133
835,45362.86224954232
836,47588.96387570818
837,57840.97543222074
838,41043.91294441176
839,43614.92677247983
840,43707.21110118101
841,32745.30246719867
842,28827.59170161961
843,35273.06285756315
844,29758.95969271046
845,33208.59592937006
846,41034.926651649264
847,58751.648868807795
848,62753.39987783695
849,67806.71770692522
850,48784.754809880986
851,41799.48299543879
852,51438.902451390626
853,43995.73729847139
854,47004.10297266705
855,55708.9709447581
856,32149.80791656182
857,34412.12550630013
858,33466.19541157079
859,26748.79796911127
860,23086.38951729956
861,26258.718199211005
862,22535.96563271672
863,26447.55173413948
864,34196.579803478526
865,63916.92435246394
866,68088.57029524099
867,70803.95146162201
868,51958.93268463827
869,45047.74231512781
870,59072.91438859003
871,48371.878308258645
872,49018.093786554076
873,59250.87625929078
874,77162.6094967438
875,80659.35013085493
876,87893.92717283466
877,63716.566311940755
878,55246.57982439203
879,69022.59946197073
880,58298.2602393824
881,60324.85213111357
882,74025.12458293978
883,59888.97785716594
884,63585.35959925295
885,68066.68222808777
886,47860.163820910944
887,43472.72934845645
888,52119.38269480946
889,43839.91744133784
890,46398.81612423987
891,55710.311720834434
892,24493.96687053636
893,27183.804320528554
894,25177.35599516618
895,19761.11067618915
896,17087.383289488807
897,18350.96734030629
898,15216.530452470593
899,24327.042630178323
900,32168.553541163565
901,46328.42940757597
902,49413.03486213684
903,51583.350327635904
904,39990.0758130521
905,33490.935288513254
906,43241.25093990597
907,36143.038696337775
908,39079.259010829854
909,47108.62243262194
910,59398.29049555554
911,61794.82777082173
912,65858.09374153918
913,50215.53522733002
914,42805.42217312646
915,51770.31492854896
916,43322.620774777366
917,46233.75720068273
918,57057.46388789527
919,60329.88124839503
920,64534.513736274064
921,68169.15704794289
922,50407.88652715486
923,44811.15058737375
924,55339.14451903258
925,48031.51220821223
926,49136.3876510144
927,56634.66293447329
928,32149.80791656182
929,34412.12550630013
930,33456.028753479695
931,26748.79796911127
932,23086.38951729956
933,26258.718199211005
934,22534.8312573713
935,26447.55173413948
936,34196.579803478526
937,59417.8067541982
938,61910.662570107284
939,64313.72418313497
940,47926.18754175998
941,41816.19487477812
942,50370.6655933034
943,42432.38387057977
944,45240.91765032992
945,55905.221092101994
946,69338.89759004032
947,74145.6704799121
948,77588.87357810285
949,57370.438603664676
950,49953.45420289349
951,62296.47298242863
952,53886.58308593116
953,54702.74620971811
954,64912.51406872984
955,56551.70306793029
956,59672.480190665694
957,62037.2421868383
958,48527.659756957844
959,41335.70836304993
960,50393.01529727414
961,43263.77764114691
962,45436.23617574958
963,53418.916914214715
964,73206.49275136525
965,77714.92235734932
966,82324.98866177032
967,60984.75760998629
968,51460.174563390814
969,65307.136614276926
970,54848.78885203431
971,55715.36274738959
972,65134.511210330995
973,42721.38952777421
974,45443.947416833995
975,44468.20023282418
976,34405.090372188606
977,28873.68987803653
978,34443.24003957168
979,29662.52640142247
980,35431.620773711344
981,43247.81738020762
982,24014.355071108777
983,26811.906032895167
984,25255.635092681056
985,19639.528773837537
986,16445.425780744896
987,17377.182932453834
988,14768.458012503032
989,24726.024230922412
990,32535.36198050588
991,71530.5364200997
992,74833.09879800366
993,80094.60062014115
994,57340.821300738055
995,50249.3718663269
996,62682.545718565285
997,51543.39407040754
998,53698.75777190225
999,65789.17429770666
1000,53653.68141807197
1001,56616.514584694
1002,61549.462948869645
1003,44331.0437700435
1004,37989.90815848597
1005,47197.04260247227
1006,39919.45293498911
1007,43529.689663493446
1008,53088.36117223078
1009,55449.90325962692
1010,57827.93217837519
1011,63099.36701980021
1012,45190.22751226891
1013,38219.46441226312
1014,46512.88627480071
1015,40267.84439197715
1016,42047.017783068724
1017,52488.96684923834
1018,40731.81759124581
1019,43450.275001609865
1020,45432.49027400285
1021,33500.58484564176
1022,29862.31343179065
1023,36836.68571635495
1024,31662.865156768585
1025,34353.51014645041
1026,42992.72017606547
1027,41106.28700333984
1028,43160.5150214988
1029,43842.088130637836
1030,32980.1682778719
1031,28710.405251192133
1032,34153.325577680516
1033,29077.572863155525
1034,32783.72781388135
1035,40127.931524741645
1036,19585.834680983644
1037,21687.633613586448
1038,20627.574852860445
1039,15866.869068403099
1040,13740.619875871069
1041,14947.025991842427
1042,12453.663374999827
1043,17532.556557029315
1044,21796.726174868945
1045,16689.93103606312
1046,19052.689615829695
1047,17609.12480051993
1048,13731.5254259672
1049,11564.90884493223
1050,12956.467429291266
1051,10491.152086988019
1052,14082.346097095338
1053,18437.315760998732
1054,55652.56697906463
1055,58169.468969260764
1056,60985.70355671746
1057,47350.62561842909
1058,39696.129678848985
1059,49021.1872095031
1060,41698.42650919624
1061,43426.59389599271
1062,54603.245335276464
1063,33361.35604445257
1064,35221.06978412886
1065,34049.65231989036
1066,27431.846029397726
1067,23878.911961616228
1068,27588.69969614194
1069,23818.524448273685
1070,28413.23596115023
1071,35216.9702604973
1072,64466.80328828115
1073,67843.95129148044
1074,74298.82819099726
1075,53916.159411634515
1076,46484.93620248759
1077,58361.63576086678
1078,49907.05659501804
1079,51461.28292608457
1080,60886.440008647274
1081,44214.77238859353
1082,47180.229010525116
1083,48120.23205707557
1084,36938.40233147322
1085,31578.55411912685
1086,37258.12718929749
1087,32369.908197456007
1088,35978.235134794086
1089,43139.521692233255
1090,32878.922951182765
1091,34900.31209867922
1092,34054.7487034509
1093,27041.19461976198
1094,23379.671547997183
1095,26730.56232063544
1096,23122.045320749337
1097,27093.215068564412
1098,34396.61945373393
1099,67586.58745327989
1100,72817.6596967738
1101,80920.80544335817
1102,56020.84325395441
1103,46959.21477962798
1104,60694.62543251594
1105,51329.78925018347
1106,53000.688344535185
1107,62715.22419325934
1108,61743.92382783324
1109,63034.10966885257
1110,67387.45961620205
1111,50030.254373290474
1112,44307.76328519065
1113,54048.15763124741
1114,46171.33968987994
1115,48431.11767023782
1116,59522.68637752953
1117,33081.63900811369
1118,35168.688066499715
1119,33960.413329980394
1120,27044.662041718824
1121,23593.473865544605
1122,27080.906953239824
1123,23304.91275067837
1124,27566.167935789676
1125,34931.599726485096
1126,34525.564701500196
1127,36598.197701985046
1128,35487.8789709658
1129,28441.70538627172
1130,24430.246265194084
1131,28157.71122016227
1132,24299.714794723746
1133,28620.19222464083
1134,36123.17723284877
1135,67517.40932927771
1136,71054.0087780719
1137,74926.02725993928
1138,56614.089850806326
1139,48565.90523659238
1140,58373.537331495
1141,50350.668004141655
1142,51988.00935089368
1143,63653.01839372169
1144,31948.169452386144
1145,35762.22405886718
1146,31658.859870871467
1147,26079.127473133536
1148,22653.723715309854
1149,23658.205914485014
1150,20308.16351019614
1151,26657.807418482225
1152,35399.15395561881
1153,34369.519442727986
1154,36346.0220933783
1155,35086.41152365548
1156,27725.343599626955
1157,23929.303970291723
1158,27633.5596312457
1159,23884.22944343803
1160,28135.71438071903
1161,35250.06556494445
1162,42869.353504636885
1163,46300.13082254538
1164,45004.7738983669
1165,36878.24282727659
1166,31009.68168165177
1167,38711.49431385287
1168,32462.86892595374
1169,34981.916619188814
1170,43465.86848428595
1171,33613.23115228848
1172,35584.65467748142
1173,34825.77235724959
1174,27218.55218243975
1175,23578.40324820638
1176,27057.14563957384
1177,23354.64469297551
1178,27267.886227544983
1179,34887.11068826442
1180,33386.35872917845
1181,35239.85917768874
1182,34049.65231989036
1183,27445.60999542362
1184,23878.646108944235
1185,27577.850929999993
1186,23800.892378829052
1187,28408.795550717812
1188,35189.987273464394
1189,63873.479709124804
1190,67088.99172598512
1191,70753.69654944449
1192,51253.48868920076
1193,44776.96989715067
1194,56691.074167445535
1195,49308.64526314788
1196,50630.390256474464
1197,60911.739139340425
1198,56066.52801832715
1199,60163.88579386234
1200,62918.55109418088
1201,45930.20019499968
1202,39320.89234800624
1203,48607.577032218855
1204,40591.31525256282
1205,42529.697738576455
1206,51575.80766831884
1207,52305.892263733615
1208,55014.67042303399
1209,54389.91264495866
1210,43839.36726435614
1211,37197.57535808212
1212,45340.87519877215
1213,38770.718645092384
1214,40447.30105068344
1215,50487.57739816445
1216,27333.96967996397
1217,30417.835902413222
1218,28639.968943775104
1219,22830.313640861124
1220,19916.7002072148
1221,21986.395521449096
1222,18602.80126086188
1223,27426.44791287269
1224,35144.038463064215
1225,83398.77518785476
1226,84992.05435629256
1227,96556.96954951197
1228,65087.81334425989
1229,56846.99441062234
1230,69344.08757415824
1231,62816.829507762406
1232,60932.89121897549
1233,75937.2025438891
1234,87698.22822963442
1235,89066.58359563469
1236,101105.08117020498
1237,67823.78997842589
1238,59819.106038250764
1239,75840.63514957606
1240,67434.76567176987
1241,64387.12597103636
1242,80141.51621074919
1243,77049.63498924093
1244,80354.96151918637
1245,86137.09826592181
1246,61526.13083114524
1247,53019.93078300171
1248,65576.35710161511
1249,56966.70880913514
1250,57595.80769837043
1251,70850.51721190405
1252,39433.34919959026
1253,42126.75428094754
1254,41966.62718987677
1255,32735.12726096747
1256,29274.178650076734
1257,33218.41029602708
1258,28752.137463540606
1259,33143.80289063613
1260,41366.827572061
1261,23557.924399921925
1262,25752.09116250626
1263,23806.4753685032
1264,18776.40856056527
1265,16123.039930485722
1266,17006.247397080606
1267,13973.772366312256
1268,24313.435859172605
1269,31852.574693014478
1270,32691.58149251663
1271,34717.79238217291
1272,33298.07642422311
1273,26369.003805555025
1274,22994.51935801203
1275,26255.92282247246
1276,22843.612636849415
1277,27414.938146510132
1278,34261.10599095575
1279,59515.739903867085
1280,61464.89441215469
1281,65897.38194231108
1282,49974.41387954491
1283,41980.59730055809
1284,51362.680829990444
1285,44160.58940353748
1286,45818.49128041992
1287,54837.34242225973
1288,62576.933047122795
1289,65215.65078957288
1290,69691.77890852596
1291,53053.83260786286
1292,44507.32770234663
1293,57285.73613593135
1294,48191.41761429005
1295,49104.95961696826
1296,59755.773385541186
1297,50001.392527406635
1298,52298.11520346468
1299,52807.786662042716
1300,39779.485037259255
1301,34359.09421103215
1302,43437.329072135195
1303,35717.274410478516
1304,39185.57390724125
1305,48179.95438143738
1306,33663.89409226027
1307,35626.33458629816
1308,34835.04012967948
1309,27681.401002081326
1310,23968.846687413385
1311,27549.537692382517
1312,23784.351133506567
1313,27642.383607637603
1314,34921.29164521789
1315,34525.564701500196
1316,36598.197701985046
1317,35490.15195835261
1318,28441.70538627172
1319,24430.334882751413
1320,28157.71122016227
1321,24316.632217928032
1322,28620.95606561805
1323,36123.17723284877
1324,30498.03351327761
1325,32649.109896301292
1326,32468.78246246935
1327,23949.56665574013
1328,21461.77896731285
1329,25342.19268470038
1330,21509.801724322122
1331,25916.298373529193
1332,32929.39655007766
1333,15096.458292282436
1334,16432.26536851044
1335,15099.19986071827
1336,12358.64359823048
1337,10739.726890586418
1338,11574.51810671694
1339,10092.443961012443
1340,13052.999321363519
1341,16976.443486905737
1342,38858.79299061308
1343,41479.50321455148
1344,41864.35067456253
1345,32624.690672141736
1346,28174.63137197562
1347,32987.38395260361
1348,27821.083753115203
1349,32226.011981270327
1350,40186.81320073782
1351,40343.89753543209
1352,43834.27866921551
1353,42127.34553891348
1354,33325.96870396384
1355,28744.241475681847
1356,31707.382746589898
1357,26993.32956655626
1358,33420.11805189519
1359,42085.591633670985
1360,32956.4227475269
1361,34982.915376498306
1362,34128.34825052288
1363,27102.948174164332
1364,23431.838949302743
1365,26799.50493833627
1366,23181.388773024104
1367,27072.682852593145
1368,34435.97065972453
1369,60171.59220905786
1370,63349.8828223295
1371,66829.65288929635
1372,49404.6107138043
1373,42808.24715602697
1374,53009.95808435465
1375,45230.52624657551
1376,46578.48337825696
1377,56870.92647745457
1378,43980.67133635217
1379,46300.981357746816
1380,47122.49152455966
1381,34006.322693049915
1382,30033.11837562549
1383,34914.43639535915
1384,30091.831807896
1385,34822.4111002941
1386,42314.6299855443
1387,33638.26615483405
1388,35983.84067770867
1389,34211.88735992213
1390,26990.658001817035
1391,23523.73188654731
1392,25289.18825846125
1393,21914.51299625456
1394,27544.871413153392
1395,36071.95265815471
1396,33335.6141342117
1397,35132.37038530234
1398,33899.41763273762
1399,27240.111896069353
1400,23837.535394654056
1401,27440.895545272808
1402,23706.758031689882
1403,28437.53562226868
1404,34986.47515562001
1405,34093.81233503644
1406,36582.24625592304
1407,36129.40850703191
1408,28362.618211608627
1409,25222.73829667114
1410,29698.92506818169
1411,25130.470741636564
1412,29218.36016842947
1413,37088.973178378095
1414,21465.394801758972
1415,23580.40354956745
1416,22165.67349877765
1417,17491.980981834142
1418,15237.419404248725
1419,16233.474393702567
1420,13683.059622856621
1421,19226.47801797528
1422,24251.895757606304
1423,63935.15717722524
1424,66205.4965792279
1425,70545.07056511086
1426,51564.928344500455
1427,44685.26111803541
1428,54702.533804446066
1429,46459.011787581185
1430,49008.54085794343
1431,59724.85166478213
1432,63658.37909678379
1433,68100.09988466719
1434,71041.06968656892
1435,52882.99372755373
1436,45440.979279769024
1437,57019.61893048223
1438,47614.352830849115
1439,50349.46395491194
1440,58385.35230774317
1441,36395.414554468116
1442,38377.78043414465
1443,38446.063426658104
1444,29980.89298566266
1445,26206.486554018004
1446,30773.77369882097
1447,26297.1778487636
1448,31093.805046087542
1449,37878.929129192526
1450,62517.65130885479
1451,65332.91940155901
1452,70397.18640074885
1453,50730.25913186713
1454,44170.673303693
1455,54640.59866027381
1456,47375.19055139974
1457,48767.94604237531
1458,58607.908663682436
1459,33637.147999805675
1460,35597.143823338854
1461,34331.53265901189
1462,27106.687869248806
1463,23691.12095242931
1464,27240.048807955398
1465,23659.632172021233
1466,27943.98317911257
1467,35227.520317883274
1468,28871.84073914298
1469,30910.795327293235
1470,28800.17269692841
1471,23776.382239107203
1472,20706.429029592367
1473,22207.689855302335
1474,18777.8971979639
1475,25814.929904855926
1476,34450.01815421546
1477,33560.29557798788
1478,35574.282539635875
1479,34810.211502546284
1480,27577.670248685008
1481,23832.97917322918
1482,27390.410649861828
1483,23648.018648751502
1484,27494.022189584044
1485,34968.053746786674
1486,34918.09045781632
1487,38056.11701745651
1488,36028.2910853542
1489,27663.803102455306
1490,24501.014408012423
1491,26764.131171210433
1492,22676.695476320572
1493,28485.496527313957
1494,36110.79653058725
1495,53866.791823032516
1496,56421.850368598076
1497,58192.17780399263
1498,45756.65160196704
1499,39271.77986354393
1500,47696.66406427876
1501,40881.692004872115
1502,42729.71245016513
1503,52653.61480891361
1504,61116.3271918267
1505,64497.000975547664
1506,67588.12794251334
1507,50172.19711121914
1508,43506.54898790637
1509,54267.08460974738
1510,46201.615494979385
1511,48423.09254533664
1512,58919.45305868541
1513,66103.37449427499
1514,70566.19088340654
1515,76452.2412113929
1516,52648.091746145226
1517,45696.02537121457
1518,58673.80623834308
1519,49599.361488495495
1520,52139.23426084859
1521,61985.895360416864
1522,55826.658347176926
1523,58802.6473686163
1524,61725.008897887055
1525,44105.489905614864
1526,38577.496273607314
1527,47995.06402964916
1528,39547.63155214386
1529,42148.01870946008
1530,50965.86053254995
1531,33060.51114663802
1532,35630.609836395764
1533,34960.42362456405
1534,29366.377435632465
1535,25369.444070386395
1536,29887.87182310707
1537,25761.869165661534
1538,30529.379522683827
1539,38083.281875492554
1540,72445.60907258472
1541,76708.3818673137
1542,82881.7356924315
1543,62633.02137223271
1544,51858.65636187498
1545,65102.39173834682
1546,55296.04804872265
1547,57352.36806630713
1548,66476.18250895955
1549,22426.85705458331
1550,24714.085241673627
1551,22609.598385725276
1552,18976.080592605274
1553,16489.390452333562
1554,16932.868895274267
1555,14407.595976287419
1556,22153.979956151656
1557,29991.57200103687
1558,31258.486189584433
1559,33963.2869476615
1560,33677.25239514943
1561,25604.458793557176
1562,22704.6015335371
1563,25544.32123891312
1564,21442.11164224385
1565,24711.207645414586
1566,31537.304718249812
1567,59915.381068384435
1568,63767.91915332905
1569,68336.76106029261
1570,48520.60010627214
1571,41698.812836676465
1572,54490.98956122402
1573,46211.60662653135
1574,46976.478953799604
1575,55219.07228434057
1576,54986.95116526055
1577,56882.51730874638
1578,60409.76754956343
1579,43780.0013261348
1580,39251.32713549892
1581,47507.23626277081
1582,40132.73097894408
1583,42020.40849597028
1584,51784.29275700291
1585,51401.06027035232
1586,54202.851147297864
1587,56056.43865395964
1588,41674.49062033139
1589,35426.80631663561
1590,42960.80775223444
1591,36523.95935768971
1592,40265.20261548028
1593,49394.95080882446
1594,45554.32414248688
1595,48555.30733538894
1596,49600.0729076103
1597,36206.992544847046
1598,32204.75870397018
1599,38445.389334013176
1600,33073.98499238547
1601,36431.49856435957
1602,43957.76985568972
1603,43981.721296296964
1604,46779.65588152751
1605,47224.639470444505
1606,35660.380912350716
1607,31356.141422922494
1608,36969.082115213925
1609,31689.58711458477
1610,35377.90281335735
1611,44370.40811832199
1612,69431.58073605849
1613,73682.15244348606
1614,78574.86261123331
1615,57262.35390234755
1616,47922.09711035427
1617,60608.27230732902
1618,51925.8453406855
1619,54263.04275400757
1620,65026.83751343486
1621,33562.49142220227
1622,35576.588184887434
1623,34810.211502546284
1624,27577.670248685008
1625,23832.97917322918
1626,27390.410649861828
1627,23648.018648751502
1628,27494.022189584044
1629,34971.45316571396
1630,17670.188861433588
1631,19212.02494052809
1632,18284.916716392447
1633,14769.841590855598
1634,12833.341753259732
1635,13324.922656190316
1636,10889.741727624827
1637,16160.94315921468
1638,22108.213845658884
1639,40708.66053172423
1640,43391.06853434526
1641,45272.493601745424
1642,33203.71544133851
1643,29295.48151035965
1644,35642.132863401544
1645,30985.671423910157
1646,33056.35935160425
1647,41806.45387653443
1648,33368.05682301574
1649,35334.6376388145
1650,33979.98766261967
1651,26897.668972042502
1652,23427.60884207452
1653,26939.881587642034
1654,23368.081054830192
1655,27762.420151290153
1656,34775.9569659596
1657,58984.9796323024
1658,62383.24805056381
1659,67862.82840675095
1660,49098.11814304791
1661,42617.83355210651
1662,53500.52119683767
1663,45511.67400533326
1664,45672.51971667136
1665,56516.27100255287
1666,70366.20282913637
1667,74552.03266065003
1668,81982.9924632569
1669,56329.40894646754
1670,46496.94704911843
1671,59846.65724333898
1672,49414.858286789495
1673,51473.12834166803
1674,62444.66183030042
1675,30850.955665793586
1676,33017.432181308686
1677,31245.320784645723
1678,25848.27687959333
1679,21621.864638633855
1680,25883.05027994055
1681,21672.51568307197
1682,26333.514905275926
1683,30559.73832593572
1684,32691.58149251663
1685,34717.79238217291
1686,33298.07642422311
1687,26369.003805555025
1688,22994.51935801203
1689,26255.92282247246
1690,22843.612636849415
1691,27414.938146510132
1692,34261.10599095575
1693,66417.35160437254
1694,71514.42931760062
1695,76092.73160302019
1696,55235.40805414352
1697,47158.90434526177
1698,58402.78956918829
1699,48947.152225743535
1700,52699.194242630285
1701,62631.90426187358
1702,32149.80791656182
1703,34412.12550630013
1704,33463.922424183984
1705,26748.79796911127
1706,23086.38951729956
1707,26258.718199211005
1708,22534.8312573713
1709,26447.55173413948
1710,34196.579803478526
1711,58306.807135692
1712,61813.70072488783
1713,64372.357238045355
1714,47371.225452238585
1715,40263.91430136181
1716,49685.492091316795
1717,41968.7992551858
1718,45394.405475940985
1719,54491.34423553129
1720,31092.137920036897
1721,33646.026870154434
1722,32848.903215800325
1723,24105.672620564517
1724,20856.43196873318
1725,23245.8030948027
1726,20303.720573125636
1727,26416.965352507257
1728,32761.376602345197
1729,28084.619750028538
1730,30237.348495014307
1731,29070.7309357701
1732,22223.264345938984
1733,19223.509334220264
1734,21131.580723800213
1735,18360.291817564455
1736,24720.869250621578
1737,31788.88052481536
1738,37019.098301364036
1739,40887.13903706334
1740,37310.050470596616
1741,31544.488295519026
1742,26148.712947923777
1743,29987.48148648394
1744,25984.806698926022
1745,31966.0257766864
1746,38865.74453056745
1747,41145.22142539497
1748,43269.908645998694
1749,43478.17220555371
1750,33684.564017783945
1751,29585.91140490842
1752,34948.22404471714
1753,29048.73706245772
1754,32875.57219575024
1755,39426.80636821749
1756,66014.57842293127
1757,69558.42946484053
1758,73869.4740189357
1759,51677.698742788576
1760,44510.79527321103
1761,55692.82131317827
1762,47237.40412357299
1763,48792.227051271584
1764,57029.70143960397
1765,34176.060535768374
1766,36285.75553982739
1767,34473.16149281314
1768,28265.261339776556
1769,24093.144858416617
1770,27811.180420909146
1771,24238.56028237553
1772,29122.648442785245
1773,33935.07897010472
1774,15595.100572509626
1775,17092.710329929752
1776,16001.40575373388
1777,12259.278380368676
1778,10803.629659217777
1779,11666.816771833968
1780,9753.359509194412
1781,13344.307308031748
1782,18059.621157710204
1783,67173.98082606983
1784,71631.00497485256
1785,79585.15687059965
1786,54844.047505418246
1787,47797.92810682022
1788,60393.026754164945
1789,51916.608783220996
1790,52239.47553987305
1791,62986.539023374695
1792,63771.63407000105
1793,66212.58543955394
1794,73514.41556259312
1795,51801.61532051606
1796,46048.02324766639
1797,56810.615321124606
1798,48988.728222368656
1799,49172.87090970656
1800,59355.01991492727
1801,53479.80311540248
1802,56107.43084138397
1803,60203.189059899756
1804,42637.40332391538
1805,36801.410099805886
1806,43204.19415046525
1807,37560.91039717616
1808,39694.749351342616
1809,48829.702081024094
1810,64167.62947691724
1811,67382.14107693397
1812,72432.30413206943
1813,51388.47394739171
1814,45875.765846578426
1815,58084.332746428445
1816,49249.914430068966
1817,49600.992884491425
1818,59086.44676762898
1819,50414.92452750444
1820,53869.64222867082
1821,55177.484854784925
1822,40236.45514711682
1823,35707.46963786793
1824,43429.04688801785
1825,36388.3935517218
1826,39878.712082524755
1827,48979.26372439623
1828,66556.225674216
1829,68736.67394822865
1830,75657.08836056845
1831,53581.101495497656
1832,46310.53393995122
1833,57651.736662903066
1834,48827.576082872634
1835,49465.55054110592
1836,61494.47304887738
1837,49116.64924824826
1838,51875.300470900045
1839,52448.51130565647
1840,41343.64555981505
1841,35033.937789144686
1842,43872.68791306748
1843,37235.25176099951
1844,37867.61240317926
1845,47812.72323494956
1846,35287.923169847476
1847,37306.82003495419
1848,36335.60704382832
1849,29011.463360754027
1850,24954.08886584357
1851,28838.157482539864
1852,24865.615470441142
1853,28965.92398330381
1854,36715.00803946523
1855,42239.120379484324
1856,45785.017489734695
1857,44105.53331621002
1858,35273.58600762491
1859,30515.070312371947
1860,36318.59181317078
1861,30501.307023263736
1862,34397.68436793541
1863,41973.07341994727
1864,42474.608671395865
1865,45871.02208519281
1866,44436.264768419394
1867,34696.252781795476
1868,29304.787037310613
1869,35940.19785009131
1870,31113.8693406159
1871,32896.22959852282
1872,41475.31025812226
1873,39279.952296960095
1874,42332.01566123942
1875,40376.789655783556
1876,30958.30375245726
1877,27235.05576710105
1878,29247.269690983863
1879,25530.12368563227
1880,32452.384422827166
1881,41754.48486256666
1882,36977.46653475906
1883,39806.026825994646
1884,38173.96836126817
1885,30075.3895279144
1886,26422.009841608262
1887,28906.864251014496
1888,24955.58524313129
1889,31103.125557511998
1890,38911.09473354921
1891,67092.63006488045
1892,71184.38660103158
1893,75678.6969546359
1894,54961.046844211996
1895,46525.125534361556
1896,60141.14323655001
1897,51123.23450337563
1898,51779.94718626158
1899,61561.131089689836
1900,60409.43772425675
1901,65047.59389638035
1902,67088.33523177008
1903,49770.0412599314
1904,44053.1659049166
1905,55818.771081115854
1906,46617.00354982419
1907,47432.063705011016
1908,56367.58714728049
1909,27112.045775329265
1910,28811.87123825363
1911,27770.500358318805
1912,21788.454110855564
1913,18827.240453516406
1914,20144.464788756562
1915,16822.423398382794
1916,23314.87211661034
1917,29677.485754703852
1918,35913.551564099944
1919,38182.11592283704
1920,37220.23558370201
1921,27422.457171069258
1922,23633.03559275805
1923,26950.54329353657
1924,23477.064246116934
1925,28092.090258825527
1926,36166.37691648701
1927,67787.42572053884
1928,71590.55636224945
1929,75191.48624284152
1930,57067.92395527514
1931,48153.16382952875
1932,61772.71423851223
1933,51981.96229145843
1934,52392.67263972655
1935,62687.25909766252
1936,53466.648686792934
1937,57857.32996755656
1938,57985.245551180036
1939,43714.458645361636
1940,38783.59431411001
1941,48452.19905554563
1942,40284.19015370851
1943,42726.25831706174
1944,51320.3992699269
1945,42821.63520012225
1946,46205.63153788533
1947,45197.238829814865
1948,35763.20634749113
1949,29708.306793528394
1950,38222.21284390642
1951,32245.419578398567
1952,31810.153185737807
1953,39881.22730344825
1954,64372.679224542546
1955,68537.31957504248
1956,72583.32068103446
1957,53438.400035193896
1958,46295.45579388348
1959,58575.9699158849
1960,49932.28596678651
1961,50801.39214035083
1962,60667.72865432852
1963,62562.38425555861
1964,65872.58566185858
1965,70529.0886316437
1966,51234.58533377469
1967,43872.039377249166
1968,56563.98046571691
1969,48082.67903766677
1970,49164.5998802392
1971,58186.73779873715
1972,40560.998616866564
1973,43230.97339886835
1974,41497.054463495624
1975,34645.21335262015
1976,30963.04842993991
1977,34233.54184005581
1978,31067.789721551966
1979,35740.83179757254
1980,43314.14388376351
1981,37593.00335433779
1982,40276.419769445856
1983,40374.97703516263
1984,31014.35900265497
1985,27095.717391494865
1986,31432.89635229132
1987,27201.208254510126
1988,32270.90382572732
1989,39571.33386203212
1990,40899.18138869374
1991,43093.58456138711
1992,44363.373798100314
1993,33040.32128545016
1994,27362.431357327485
1995,30443.549164302196
1996,26935.085050956885
1997,32918.35073579483
1998,39305.53916946892
1999,37989.018341376206
2000,40660.50010577657
2001,39686.47585497977
2002,30757.73923114438
2003,27282.065052852777
2004,32353.651168199405
2005,27652.986773921195
2006,30576.72493595809
2007,38514.39918508518
2008,33072.31619557279
2009,35316.72179739566
2010,34461.07412034713
2011,27419.209436879293
2012,23659.842255065494
2013,27044.43452029308
2014,23234.233022068787
2015,27044.712355288622
2016,34605.42526059791
2017,29342.867767966607
2018,31912.43296979394
2019,30850.388709583767
2020,22361.363145208637
2021,20087.439233982084
2022,23122.998013844703
2023,20127.008540823288
2024,24854.23224170617
2025,31198.667395827244
2026,64122.92618352122
2027,67465.22476852621
2028,72262.09859633184
2029,52715.1330883989
2030,47225.21702688566
2031,55420.18264328354
2032,47987.3777588055
2033,48944.75562907206
2034,58767.75004878853
2035,41766.26304387735
2036,44998.84365421815
2037,43549.21446525829
2038,35516.29790805259
2039,29752.236791964635
2040,36649.20793802151
2041,31020.516340893457
2042,32288.840147441955
2043,40493.64504351249
2044,34120.94557704531
2045,37104.003103646195
2046,34910.63508468338
2047,27919.556720587705
2048,24042.176336005377
2049,26307.00783101652
2050,22601.46864358878
2051,29048.637351868038
2052,36583.243407802394
2053,46652.62645331221
2054,49688.28974813835
2055,50836.222778970114
2056,38256.86317796036
2057,35135.07656355985
2058,40817.903310417285
2059,34460.634534311255
2060,38472.525830850995
2061,46553.25257149082
2062,22723.178044179866
2063,25388.422552561602
2064,23501.87917676349
2065,18956.58620431499
2066,16384.4534016531
2067,17599.076022771278
2068,15131.23820664081
2069,21064.610784140583
2070,26870.380805273762
2071,77457.38100886828
2072,80605.5083056796
2073,90577.02236517651
2074,61586.643300253934
2075,53559.47256648277
2076,67861.19236848074
2077,57374.75281141269
2078,57531.14482664619
2079,68463.53219582136
2080,31444.7325251618
2081,33485.6339462429
2082,32110.30297929278
2083,26135.60776232403
2084,22128.333559890296
2085,26167.479693907386
2086,21892.798613399038
2087,26225.121093052134
2088,30524.162439332893
2089,72810.08697810021
2090,76114.72439763033
2091,81641.55813935999
2092,58460.941552322445
2093,50513.74231699352
2094,63416.94145899369
2095,53823.73197886894
2096,53777.90169305071
2097,64646.09483521581
2098,41628.194016002526
2099,44079.34875817125
2100,44086.049229560456
2101,33695.548439077924
2102,29707.32001956361
2103,35253.85660934597
2104,29205.57269875783
2105,33872.2448376957
2106,40701.32377842362
2107,50057.49136829104
2108,52356.64398164687
2109,52871.03512613023
2110,39749.653642560435
2111,34333.89804740172
2112,43425.01247295066
2113,35749.387947833195
2114,39128.00276590536
2115,48179.95438143738
2116,22993.329598031854
2117,25665.70640596683
2118,23594.177725945836
2119,18514.062301215625
2120,16036.824401931997
2121,17165.274309523793
2122,14570.679133802312
2123,20561.76958286174
2124,25729.826349351173
2125,49213.274808287984
2126,53202.91515603741
2127,56198.084728233116
2128,41120.673069965604
2129,34595.94698761238
2130,43749.14174686917
2131,36345.86468714185
2132,42050.416120439404
2133,51309.444412304314
2134,63075.752271018435
2135,67262.73849422846
2136,72084.74982864175
2137,51790.7675982835
2138,45652.85627814688
2139,56152.074300072585
2140,47820.35498098823
2141,48899.98081431571
2142,59574.10451173716
2143,54503.129705506566
2144,57749.08064323443
2145,60284.349657754574
2146,43959.097163396895
2147,37272.51153489101
2148,45204.08782107307
2149,38427.828171455556
2150,42242.43983747468
2151,51212.98986450324
2152,33367.397339501775
2153,35409.80779390208
2154,34051.26623593169
2155,26897.55734260499
2156,23464.310378494352
2157,26937.84680909788
2158,23383.029120833147
2159,27814.610892184348
2160,34829.1408650812
2161,31187.633680753497
2162,33364.51932987974
2163,31645.62206772699
2164,25834.349631839315
2165,21670.69563602778
2166,25975.460646744417
2167,21765.776932035868
2168,26289.51920891454
2169,30902.170938708103
2170,32720.294755762297
2171,34522.27883637295
2172,33209.32038022292
2173,26604.219237944773
2174,23209.65987752653
2175,26627.892298250426
2176,22971.373935664677
2177,27809.366971897263
2178,34430.434856037355
2179,56591.64907840933
2180,59732.72380445385
2181,61973.18395148152
2182,46971.49069251
2183,42393.006673951364
2184,51871.48616877463
2185,44215.092963874995
2186,46444.06369188445
2187,54993.858889910895
2188,63916.92364948026
2189,67482.06227142445
2190,73235.74758541147
2191,51620.87450152858
2192,45438.275563923744
2193,55597.49888031284
2194,47548.46514464099
2195,49157.40325482266
2196,58487.708636147894
2197,48297.83986104229
2198,51246.21445639778
2199,50832.55637844097
2200,40006.0604447556
2201,34495.394235581414
2202,42247.0479573054
2203,35237.67173990546
2204,37885.741154926945
2205,47436.04490510387
2206,54583.79738705229
2207,56328.59615445064
2208,62375.380835216565
2209,42566.11888490777
2210,36733.799640989106
2211,44506.135333738384
2212,38038.12336243334
2213,40106.974179396086
2214,50615.120933267724
2215,40901.79968053801
2216,44737.29060414323
2217,44086.45829474702
2218,33615.75181184018
2219,29431.86811684144
2220,34666.06802611583
2221,29333.788775161203
2222,33681.33325799892
2223,42342.45864769784
2224,42951.09772511898
2225,45579.31212060951
2226,46054.315188841836
2227,35616.276815486795
2228,30524.378114380524
2229,37102.42162863931
2230,29872.69973131229
2231,35245.0838262518
2232,41746.27417641164
2233,26584.242456810767
2234,29307.36759689858
2235,27639.014486169937
2236,21974.27577792525
2237,17940.935909066204
2238,19278.642365503045
2239,16432.48292319792
2240,25654.580063668724
2241,34137.39551919253
2242,29124.472111156847
2243,31261.985160162887
2244,30909.257919479765
2245,23611.80631014564
2246,20266.211112055465
2247,23089.157342445193
2248,19381.93265106497
2249,25200.017922229206
2250,31032.369050467514
2251,35348.514694269965
2252,37557.485857432956
2253,37752.721966394034
2254,29298.66746819437
2255,24394.623600014504
2256,27732.30021823484
2257,23691.363257330777
2258,27823.790637146085
2259,36002.91189086666
2260,53393.4994663035
2261,56723.82979672267
2262,59163.67565936799
2263,42589.8658129061
2264,37528.85954091788
2265,44372.445083087274
2266,37841.12072049803
2267,41281.112032847406
2268,49683.67960937335
2269,33364.62347831361
2270,35101.61437602239
2271,33920.28039528392
2272,27116.664680395563
2273,23647.950180842123
2274,27288.24920752197
2275,23458.571553082384
2276,28185.328087702223
2277,34830.53486926903
2278,75491.21783271617
2279,78282.25237830859
2280,91015.86854711415
2281,57413.00961116052
2282,49985.97880635325
2283,63752.355448402624
2284,54118.75300415003
2285,53949.56279101694
2286,64406.39505708969
2287,74999.57504741484
2288,79659.89553166192
2289,83402.68323090862
2290,62013.46288528101
2291,52621.54122010601
2292,68163.98556551116
2293,56364.08481071405
2294,56994.80835554795
2295,67408.57953694931
2296,63863.35080742328
2297,67533.6066278541
2298,74995.76263903845
2299,49609.02154687579
2300,43749.64761558508
2301,56649.810442780945
2302,48586.41300151558
2303,49432.95410216622
2304,58629.781460630285
2305,43749.15532915121
2306,46224.29993646528
2307,46710.64450267822
2308,34845.20930326926
2309,30234.518320366493
2310,37143.698328196115
2311,30860.227025665143
2312,34609.8895516755
2313,40941.53797218825
2314,32149.80791656182
2315,34412.12550630013
2316,33466.19541157079
2317,26750.487881215486
2318,23086.38951729956
2319,26258.718199211005
2320,22535.96563271672
2321,26447.55173413948
2322,34196.579803478526
2323,64496.30552411261
2324,67255.94029648612
2325,72399.71609726525
2326,52866.48880730148
2327,45143.95672724491
2328,55894.61558407137
2329,46390.53026570061
2330,48964.02596395718
2331,59715.89008695833
2332,70209.2009183814
2333,75068.47666833227
2334,79622.68958310988
2335,57864.457533586996
2336,48188.61561781721
2337,59855.73895543963
2338,51014.00311513524
2339,54196.52118840716
2340,64573.76708255229
2341,41245.47309015963
2342,44480.20165401861
2343,43023.1914429496
2344,34515.494868059846
2345,28980.16967772822
2346,36148.82442949487
2347,30637.406544172754
2348,31341.11589199185
2349,39310.85013967509
2350,61882.26826025793
2351,63982.65033047123
2352,69817.06115075573
2353,49224.75431325033
2354,42184.46323239411
2355,51886.51510766301
2356,43822.618745032196
2357,46419.018373858016
2358,56796.06608765179
2359,32756.782557752893
2360,34804.24973103701
2361,33862.333894697906
2362,26812.808459630134
2363,23267.15973000902
2364,26576.02657192087
2365,22937.234318046747
2366,26954.149167742577
2367,34223.53172213563
2368,33556.03240267012
2369,35567.36560388119
2370,34810.211502546284
2371,27570.910600268144
2372,23832.890555671853
2373,27375.69801699712
2374,23644.615522715245
2375,27478.56256830704
2376,34964.65432785938
2377,64756.084660523484
2378,68802.36250355779
2379,76139.01031631319
2380,52941.22813491998
2381,47120.89312010089
2382,57283.19561942281
2383,48515.842343822216
2384,51750.87961760189
2385,61817.89792254687
2386,59724.11049469586
2387,64357.49391142282
2388,65972.76670203466
2389,50223.4656963559
2390,45496.82860130053
2391,55258.58455121813
2392,47360.18716335383
2393,48879.30924704864
2394,57025.86847982562
2395,33634.68860513418
2396,35619.41765054348
2397,34818.280996133246
2398,27696.10904519207
2399,23938.111576513864
2400,27531.680371935585
2401,23778.388690047665
2402,27694.18714696962
2403,34772.397010520726
2404,34054.81527781588
2405,36110.707283571996
2406,35367.14038959381
2407,27924.580088555143
2408,24130.163581446173
2409,27642.195517612352
2410,23906.47881633376
2411,27754.010510749347
2412,35136.907786729105
2413,29437.835074897517
2414,32059.143885514055
2415,30348.94495297854
2416,24642.128708415632
2417,21723.07105266371
2418,23205.442165908673
2419,19623.68063058774
2420,26382.5080224253
2421,32812.80785648096
2422,36512.85807971581
2423,39004.420930792454
2424,39143.40223120559
2425,30176.97610770799
2426,26492.981430710788
2427,29731.436142380637
2428,25117.567954214286
2429,30310.116267414807
2430,39162.9725617297
2431,34301.38818912472
2432,36811.899521922955
2433,36404.90041718801
2434,27953.962635118398
2435,24732.121930887322
2436,29064.741623924816
2437,24583.663783774584
2438,28957.24421667475
2439,36867.16322118024
2440,39368.43462450369
2441,42116.99960694622
2442,40443.323499501435
2443,33584.736392899074
2444,29914.67589918232
2445,33303.806258683675
2446,30088.411748361024
2447,35014.94112020364
2448,41578.5232326132
2449,57351.01486323817
2450,59936.659588372044
2451,62693.99652945243
2452,46984.857315749985
2453,39850.08161916616
2454,50564.677359770416
2455,42204.63388214067
2456,44682.36670103293
2457,55111.17025767685
2458,33932.82225191552
2459,36145.8946310269
2460,35304.65870793663
2461,28120.641846935636
2462,25369.43684490291
2463,27253.224120341187
2464,23063.644429860673
2465,28120.72808488099
2466,36149.5101201964
2467,15946.651211156295
2468,17578.33717294559
2469,16553.077720218967
2470,13540.61006624294
2471,11795.639186564085
2472,12367.637223378317
2473,9907.655253257104
2474,14393.118556417394
2475,20979.405995161993
2476,63827.936968827016
2477,66700.9538465823
2478,72349.85925661678
2479,52160.87292287253
2480,43584.45758616692
2481,53347.967487620925
2482,44512.063738689685
2483,47881.68144286717
2484,59164.63496036232
2485,32878.922951182765
2486,34900.31209867922
2487,34054.7487034509
2488,27041.19461976198
2489,23379.671547997183
2490,26730.56232063544
2491,23106.26227289047
2492,27093.215068564412
2493,34396.61945373393
2494,30741.985611143842
2495,33685.770859938435
2496,32403.752131975285
2497,24915.87823756847
2498,21201.592684549025
2499,23270.141914281725
2500,20100.424793173395
2501,27633.014842144734
2502,34958.02949648924
2503,71990.20819912979
2504,76688.39325595651
2505,84104.01015460951
2506,59283.61825644405
2507,51730.898228329046
2508,63859.296859821814
2509,54182.05864812834
2510,57083.52533716685
2511,67186.0091523028
2512,58974.22958715948
2513,63320.2013959874
2514,67240.35441395006
2515,50568.13205674312
2516,44301.47779389858
2517,55495.224730985276
2518,46777.74952238968
2519,47436.02769708091
2520,56114.355161859356
2521,20108.958777267326
2522,21705.66219586259
2523,20977.199418246557
2524,16306.023095041157
2525,14096.886786354342
2526,15237.41976323258
2527,12813.628920660363
2528,18904.265726087277
2529,23622.96720724356
2530,55087.11613755416
2531,57658.386714607586
2532,60092.8432015648
2533,45192.795484764705
2534,38523.03913647993
2535,46962.578039439526
2536,39957.80082361966
2537,42866.56210144755
2538,53525.156091324025
2539,41575.060734365965
2540,43625.6158671391
2541,43831.54946498669
2542,32644.006759984946
2543,28602.390357077733
2544,33105.99768653566
2545,28404.953497022278
2546,33539.3867381158
2547,41007.03622831777
2548,20509.416098537113
2549,22302.119937068128
2550,21596.21214747455
2551,16909.30089517414
2552,14609.97522039895
2553,15755.748488135596
2554,13203.724768774193
2555,19293.319586620917
2556,24270.42181842319
2557,31377.890582702934
2558,33588.03616802565
2559,31921.113977883084
2560,25984.659415949107
2561,21861.09101286957
2562,26013.7793088483
2563,21822.899378220074
2564,26200.048947097544
2565,30705.26132214104
2566,21991.554418779906
2567,23615.324716232113
2568,22379.319750230927
2569,18544.853731886007
2570,15718.261846807081
2571,16511.32086353896
2572,13460.112737558584
2573,21675.30918083917
2574,27245.959709700346
2575,64059.708184843905
2576,67896.79271619789
2577,71620.90214862813
2578,49284.30439670158
2579,41752.26108862982
2580,52929.75243216028
2581,45662.787631229025
2582,48232.27897832436
2583,58817.068062347236
2584,64407.663236785615
2585,67777.22910676195
2586,72498.4603062082
2587,52542.23589664183
2588,43981.48750170093
2589,54813.13312323218
2590,47158.3228064535
2591,49177.0341835366
2592,59225.77282742134
2593,74771.59789558042
2594,78531.12338048084
2595,85377.61593209239
2596,61254.82086913324
2597,52919.80775734401
2598,65004.79879850253
2599,56264.212544012655
2600,56629.203376883896
2601,67534.23569946419
2602,33270.86340989211
2603,35039.58762624914
2604,33820.56430296623
2605,26971.914799235816
2606,23625.501188030335
2607,27187.974244994573
2608,23407.610949626247
2609,28191.839947893233
2610,34791.55819339113
2611,33556.03240267012
2612,35567.36560388119
2613,34810.211502546284
2614,27569.22068816393
2615,23845.813184490107
2616,27386.924908254197
2617,23643.48114736982
2618,27477.428192961623
2619,34964.65432785938
2620,36667.554924051175
2621,39138.53546656309
2622,39122.55028519601
2623,29541.991008791792
2624,25534.890259508327
2625,27884.55838145635
2626,24581.551739420032
2627,30391.341801463706
2628,37115.28914453776
2629,33318.27757431082
2630,35113.36033049413
2631,33907.19832488276
2632,27240.111896069353
2633,23837.535394654056
2634,27450.705967844602
2635,23698.307235465803
2636,28418.422297996247
2637,34986.47515562001
2638,21623.137832306096
2639,23919.547920260633
2640,23031.466734008878
2641,17688.131118137353
2642,15162.358168290031
2643,16784.453432288738
2644,14428.828261819579
2645,20842.520277769338
2646,27005.150724063198
2647,33366.62361290062
2648,35385.56559610244
2649,34051.26623593169
2650,26883.814383529938
2651,23460.74961206228
2652,26923.134176233165
2653,23379.625994796887
2654,27799.242788769636
2655,34825.74144615391
2656,29539.643064255462
2657,31918.62043359892
2658,30620.209847729973
2659,24745.98037556604
2660,21595.619109425712
2661,23168.553552121237
2662,20314.974693503875
2663,25752.84568826157
2664,32112.304957954813
2665,49786.520015083894
2666,52806.81264828379
2667,54259.21199494703
2668,40213.69977394456
2669,34362.263313898016
2670,40854.36265615059
2671,35899.7875627835
2672,40561.08172972987
2673,49104.264794193514
2674,33300.70128802977
2675,35090.594974297324
2676,33862.24821636576
2677,27218.758771861867
2678,23776.555393884293
2679,27466.300892644646
2680,23688.793028553766
2681,28373.07313325424
2682,34836.378029043866
2683,33386.91697249698
2684,35205.071667095865
2685,33968.69223746473
2686,27138.578813760818
2687,23676.155984248777
2688,27316.801184295007
2689,23525.019363056774
2690,28179.42300018856
2691,34995.07031123551
2692,63585.138801227295
2693,66858.27973408673
2694,70762.22475515195
2695,51921.86279640587
2696,46430.12532399348
2697,58581.50883663917
2698,51180.05646095461
2699,51200.00883484409
2700,60969.93941723
2701,59188.01933671547
2702,62996.563455943906
2703,64856.301374344184
2704,46505.710639317294
2705,41284.52353843463
2706,50490.5679858581
2707,43083.10660596481
2708,45881.74027836
2709,54260.20909997564
2710,32713.21774397389
2711,34780.78899188282
2712,34228.11736805176
2713,26932.391891661788
2714,23054.87996067717
2715,26710.741841997347
2716,22480.72064587954
2717,27363.042350930773
2718,33308.77729830713
2719,33564.55875330563
2720,35582.34903222986
2721,34815.83218586377
2722,27218.18500212253
2723,23529.455993572614
2724,26996.759482355592
2725,23337.05145991058
2726,27185.66383174976
2727,34592.83404114401
2728,29726.101254247158
2729,31663.383156606043
2730,30293.081466274565
2731,24853.957957540173
2732,21040.22271120596
2733,24617.35704002737
2734,20453.49117337561
2735,24647.448817118177
2736,30762.13140152358
2737,33397.86995178029
2738,35368.633111079514
2739,34045.64502302721
2740,26816.440502428548
2741,23487.122161817806
2742,26928.036386526084
2743,23334.769623178174
2744,27836.36159003796
2745,34936.84773014997
2746,75066.4440498183
2747,78359.56741183891
2748,87427.88157449776
2749,61283.83008501924
2750,52738.64819817058
2751,66797.13586292235
2752,57451.79698284364
2753,57379.758719517384
2754,67204.02902433886
2755,41387.94618729526
2756,44603.53662586078
2757,43069.40032524899
2758,34871.07815708552
2759,29296.013064114442
2760,36324.19820942896
2761,30649.82133354094
2762,31608.00687744138
2763,39818.046917863874
2764,51697.20923832317
2765,54280.86732179721
2766,56650.56017856487
2767,42241.42840312984
2768,35821.23633605412
2769,43413.713979355816
2770,37264.98101207612
2771,39777.18607344479
2772,48969.30820496948
2773,26573.527406322122
2774,28248.742251353902
2775,27620.078366913538
2776,21851.828729504716
2777,18669.568154746266
2778,20500.157110445132
2779,16962.56493790066
2780,25656.555702436086
2781,33504.390476428714
2782,41666.6337133455
2783,44891.49082824422
2784,43538.14370451402
2785,35358.52622076122
2786,29491.798701650336
2787,36990.90469702554
2788,31262.447667871784
2789,32004.955099704624
2790,39918.00139374164
2791,40931.208847981456
2792,43326.272683888354
2793,42986.08932553768
2794,33789.39369813445
2795,29194.771480577438
2796,32905.963005811645
2797,28258.398494493893
2798,33971.093387346016
2799,41653.604520863664
